[{
    "1":{
        "code": "GALR210214",
        "name": "Gale Reef",
        "length": "5 Days/4 Nights",
        "resort": "The 3 Star Rated, Emerald Bay Resort",
        "Cost per Person": "799.00",
        "image": "reef1.jpg",
        "description": "<p>Gale Reef Sed et augue lorem. In sit amet placerat arcu. Mauris volutpat ipsum ac justo mollis vel vestibulum orci gravida. Vestibulum sit amet porttitor odio. Nulla facilisi. Fusce at pretium felis."
    },

    "2":{
        "code": "DAWR210315",
        "name": "Dawson’s Reef",
        "length": "5 Days/4 Nights",
        "resort": "The 4 Star Rated, Blue Lagoon Resort",
        "Cost per Person": "1199.00",
        "image": "reef2.jpg",
        "description": "<p>Dawson’s Reef Integer magna leo, posuere et dignissim vitae, porttitor at odio. Pellentesque a metus nec magna placerat volutpat. Nunc nisi mi, elementum sit amet aliquet quis, tristique quis nisl. Curabitur odio lacus, blandit ut hendrerit."
    },

    "3":{
        "code": "CLAR210621",
        "name": "Claire’s Reef",
        "length": "5 Days/4 Nights",
        "resort": "The 5 Star Rated, Coral Sands Resort",
        "Cost per Person": "1999.00",
        "image": "reef3.jpg",
        "description": "<p>Claire’s Reef Donec sed felis risus. Nulla facilisi. Donec a orci tellus, et auctor odio. Fusce ac orci nibh, quis semper arcu. Cras orci neque, euismod et accumsan ac, sagittis molestie lorem. Proin odio sapien, elementum at tempor non."
    }
}]
